URL,Last crawled
https://www.silkquote.com/quotation-generator/,2026-03-15
https://www.silkquote.com/create-a-new-template,2026-02-15
https://www.silkquote.com/attach-terms-and-conditions,2026-02-04
https://www.silkquote.com/open-the-silkquote-configuration-manager,2025-12-30
https://www.silkquote.com/grant-access-with-the-permission-set,2025-12-22
https://www.silkquote.com/page/3/,2025-12-16
https://www.silkquote.com/page/2/,2025-12-16
https://silkquote.com/tags/?tag=template-management,2025-12-15
https://www.silkquote.com/preview-a-quote-without-saving,2025-12-01
https://www.silkquote.com/generate-a-quote-pdf-from-an-opportunity,2025-11-30
https://silkquote.com/contact/,2025-09-26
https://www.silkquote.com/feed.xml,2025-09-18